Hour,Download Average,Upload Average
0,1.22,1.37
1,0.59,1.22
2,0.64,1.25
3,0.9099999999999999,1.3900000000000001
